<!DOCTYPE html>
<html lang="ru" class="">
<meta charset="UTF-8">
<meta name="viewport" content="width=device-width,initial-scale=1,maximum-scale=1,user-scalable=no">

<link rel="mask-icon" sizes="any" color="#417AC8" href="https://yastatic.net/disk/public3/_/8F8s41kPxaFNYxJz9zy0R9EFzBT.svg">
<link rel="icon" type="image/png" href="https://yastatic.net/disk/public3/_/5hb_sU044zVfPgNsMKf8pNs2_6H.png" sizes="16x16">
<link rel="icon" type="image/png" href="https://yastatic.net/disk/public3/_/8AQWmPQTaiJ8dYR9wnTWIp59Qfn.png" sizes="24x24">
<link rel="icon" type="image/png" href="https://yastatic.net/disk/public3/_/19WOwVVlF5JwYCln8fnnEGMQs5m.png" sizes="32x32">
<link rel="icon" type="image/png" href="https://yastatic.net/disk/public3/_/e9BzZ-OrLJGblsmTiZ_Yw1ASWVB.png" sizes="64x64">

<link rel="apple-touch-icon" sizes="76x76" href="https://yastatic.net/disk/public3/_/a79hfasWFx-VPKvoJjjz56jrHzX.png">
<link rel="apple-touch-icon" sizes="120x120" href="https://yastatic.net/disk/public3/_/4vULbTzso3Uxj7GcMp0cvScfafd.png">
<link rel="apple-touch-icon" sizes="152x152" href="https://yastatic.net/disk/public3/_/bOIgbPEWTNejUJoYL48HLvjCRUA.png">
<link rel="apple-touch-icon" sizes="180x180" href="https://yastatic.net/disk/public3/_/csdLsLYBeJ2sRDIYtnDfgxgbzLy.png">

<meta name="twitter:card" content="summary">
<meta name="twitter:site" content="@yandexdisk">
<meta property="og:title" content="feedback_data.tsv">
<meta property="og:site_name" content="Яндекс.Диск">
<meta property="og:description" content="Посмотреть и скачать с Яндекс.Диска">
<meta property="og:image" content="https://yastatic.net/disk/public3/_/d64lQ6EmUf4l0wrJYFNh0SElFdl.png">

<title>feedback_data.tsv — Яндекс.Диск</title>

<script nonce="nD4oOUoIpmWiOPTwN4xgNw==" crossorigin="anonymous">window.SENTRY_SETTINGS={"prefix":"","environment":"production"}; 
!function(i,t){if(i.Ya=i.Ya||{},Ya.Rum)throw new Error("Rum: interface is already defined");var n=i.performance,e=n&&n.timing&&n.timing.navigationStart||Ya.startPageLoad||+new Date,s=i.requestAnimationFrame;Ya.Rum={enabled:!!n,vsStart:document.visibilityState,vsChanged:!1,_defTimes:[],_defRes:[],_deltaMarks:{},_settings:{},_vars:{},init:function(i,t){this._settings=i,this._vars=t},getTime:n&&n.now?function(){return n.now()}:Date.now?function(){return Date.now()-e}:function(){return new Date-e},time:function(i){this._deltaMarks[i]=[this.getTime()]},timeEnd:function(i){var t=this._deltaMarks[i];t&&0!==t.length&&t.push(this.getTime())},sendTimeMark:function(i,t,n,e){void 0===t&&(t=this.getTime()),this._defTimes.push([i,t,e]),this.mark(i,t)},sendResTiming:function(i,t){this._defRes.push([i,t])},sendRaf:function(i){if(s&&!this.isVisibilityChanged()){var t=this,n="2616."+i;s(function(){t.isVisibilityChanged()||(t.sendTimeMark(n+".205"),s(function(){t.isVisibilityChanged()||t.sendTimeMark(n+".1928")}))})}},isVisibilityChanged:function(){return this.vsStart&&("visible"!==this.vsStart||this.vsChanged)},mark:n&&n.mark?function(i,t){n.mark(i+(t?": "+t:""))}:function(){}},document.addEventListener&&document.addEventListener("visibilitychange",function i(){Ya.Rum.vsChanged=!0,document.removeEventListener("visibilitychange",i)})}(window);

!function(){"use strict";if(window.PerformanceLongTaskTiming){var e=Ya.Rum._tti={events:[],observer:new PerformanceObserver(function(n){e.events=e.events.concat(n.getEntries()),e.events.length>100&&e.events.shift()})};e.observer.observe({entryTypes:["longtask"]})}}();

!function(){"use strict";var t,e=[];function n(){var n=Ya.Rum.getSetting("clck"),a=e.join("\r\n");if(e=[],t=null,n&&!(navigator.sendBeacon&&Ya.Rum.getSetting("beacon")&&navigator.sendBeacon(n,a))){var i=new XMLHttpRequest;i.open("POST",n),i.send(a)}}Ya.Rum.send=function(a,i,o,u,r,s,c){clearTimeout(t);var g=function(t,e,n,a,i,o){var u=Ya.Rum.getSetting("slots");return[o?"/"+o.join("/"):"","/path="+e,u?"/slots="+u.join(";"):"",n?"/vars="+n:"","/cts="+(new Date).getTime(),"/*"]}(0,i,o,0,0,c);e.push("/reqid="+Ya.Rum.getSetting("reqid")+g.join("")),e.length<42?t=setTimeout(n,15):n()}}();

!function(n){if(!n.Ya||!Ya.Rum)throw new Error("Rum: interface is not defined");var e=Ya.Rum;e.getSetting=function(n){var t=e._settings[n];return null===t?null:t||""}}("undefined"!=typeof self?self:window);

!function(e,r){var n={client:["690.2354",-1,100,0],uncaught:["690.2361",100,10,0],external:["690.2854",100,10,0],script:["690.2609",100,10,0]},t={};r.ERROR_LEVEL={INFO:"info",DEBUG:"debug",WARN:"warn",ERROR:"error",FATAL:"fatal"},r._errorSettings={clck:"https://yandex.ru/clck/click",beacon:!0,project:"unknown",page:"",env:"",experiments:[],additional:{},platform:"",region:"",level:"",version:"",yandexuid:"",referrer:"",preventError:!1,unhandledRejection:!1,debug:!1,limits:{},silent:{},filters:{}};var o=!1;function a(e,r){for(var n in r)r.hasOwnProperty(n)&&(e[n]=r[n]);return e}function i(e){return"boolean"==typeof e&&(e=+e),"number"==typeof e?e+"":null}r.initErrors=function(n){a(r._errorSettings,n),o||(function(){if(e.addEventListener)e.addEventListener("error",s),"Promise"in e&&r._errorSettings.unhandledRejection&&e.addEventListener("unhandledrejection",function(e){var r,n,t=e.reason;t&&(t.stack&&t.message?r=t.message:"[object Event]"===(r=String(t))?r="event.type: "+t.type:"[object Object]"===r&&(n={unhandledObject:t}),s({message:"Unhandled rejection: "+r,stack:t.stack,additional:n}))});else{var n=e.onerror;e.onerror=function(e,r,t,o,a){s({error:a||new Error(e||"Empty error"),message:e,lineno:t,colno:o,filename:r}),n&&n.apply(this,arguments)}}}(),o=!0)},r.updateErrors=function(e){a(r._errorSettings,e)},r._handleError=function(o,i){var s,l,c=r._errorSettings;if(c.preventError&&o.preventDefault&&o.preventDefault(),i)s=o,l="client";else{s=r._normalizeError(o),l=s.type;var u=c.onError;"function"==typeof u&&u(s);var d=c.transform;"function"==typeof d&&(s=d(s))}var f=n[l][1];"number"==typeof c.limits[l]&&(f=c.limits[l]);var m=n[l][2];"number"==typeof c.silent[l]&&(m=c.silent[l]);var p=n[l][3];if(p<f||-1===f){s.path=n[l][0];var v="";try{var g=a({},c.additional);v=JSON.stringify(a(g,s.additional))}catch(r){c.debug&&e.console&&console.error("[error-counter] json.stringify:",r)}var E=function(){t[s.message]=!1,r._sendError(s,{additional:v,silent:p<m||-1===m?"no":"yes",isCustom:Boolean(i)}),n[l][3]++}.bind(this);if(void 0===c.throttleSend)E();else{if(t[s.message])return;t[s.message]=!0,setTimeout(E,c.throttleSend)}}},r._baseNormalizeError=function(e){var r=(e=e||{}).filename||e.fileName||"",n=e.error&&e.error.stack||e.stack||"",t=e.message||"";return{file:r,line:e.lineno||e.lineNumber,col:e.colno||e.colNumber,stack:n,message:t,additional:e.additional}},r._normalizeError=function(e){var n=r._baseNormalizeError(e),t="uncaught",o=r._isExternalError(n.file,n.message,n.stack),a="",i="";return o.hasExternal?(t="external",a=o.common,i=o.custom):/^Script error\.?$/.test(n.message)&&(t="script"),n.external=a,n.externalCustom=i,n.type=t,n},r._sendError=function(n,t){t=t||{};var o=r._errorSettings,a=o.experiments.length?o.experiments.join(";"):"",s={"-url":n.file,"-line":n.line,"-col":n.col,"-stack":n.stack,"-env":o.env,"-msg":n.message,"-external":n.external,"-externalCustom":n.externalCustom,"-project":o.project,"-service":n.service,"-page":n.page||o.page,"-platform":o.platform,"-level":n.level,"-experiments":a,"-version":o.version,"-region":o.region,"-yandexuid":o.yandexuid,"-referrer":o.referrer,"-source":n.source,"-sourceMethod":n.sourceMethod,"-type":t.isCustom?n.type:"","-block":n.block,"-method":n.method,"-additional":t.additional,"-adb":i(Ya.blocker)||i(o.blocker),"-cdn":e.YaStaticRegion,"-ua":navigator.userAgent,"-silent":t.silent,"-ts":+new Date};o.debug&&e.console&&console.error("[error-counter]",s),r.send(null,n.path,function(e){var r=[];for(var n in e)e.hasOwnProperty(n)&&(e[n]||0===e[n])&&r.push(n+"="+encodeURIComponent(e[n]).replace(/\*/g,"%2A"));return r.join(",")}(s),null,null,null,null)};var s=function(e){Ya.Rum._handleError(e,!1)}}("undefined"!=typeof self?self:window,Ya.Rum);

!function(e){var r={url:{0:/(miscellaneous|extension)_bindings/,1:/^chrome:/,2:/kaspersky-labs\.com\//,3:/^(?:moz|chrome)-extension:\/\//,4:/^file:/,5:/^resource:\/\//,6:/webnetc\.top/,7:/local\.adguard\.com/},message:{0:/__adgRemoveDirect/,1:/Content Security Policy/,2:/vid_mate_check/,3:/ucapi/,4:/Access is denied/i,5:/^Uncaught SecurityError/i,6:/__ybro/,7:/__show__deepen/,8:/ntp is not defined/,9:/Cannot set property 'install' of undefined/,10:/NS_ERROR/,11:/Error loading script/,12:/^TypeError: undefined is not a function$/,13:/__firefox__\.(?:favicons|metadata|reader|searchQueryForField|searchLoginField)/},stack:{0:/(?:moz|chrome)-extension:\/\//,1:/adguard.*\.user\.js/i}};function n(e,r){if(e&&r){var n=[];for(var o in r)if(r.hasOwnProperty(o)){var i=r[o];"string"==typeof i&&(i=new RegExp(i)),i instanceof RegExp&&i.test(e)&&n.push(o)}return n.join("_")}}function o(e,o){var i,t=[];for(var s in r)r.hasOwnProperty(s)&&(i=n(e[s],o[s]))&&t.push(s+"~"+i);return t.join(";")}e._isExternalError=function(n,i,t){var s=e._errorSettings.filters||{},a={url:(n||"")+"",message:(i||"")+"",stack:(t||"")+""},c=o(a,r),u=o(a,s);return{common:c,custom:u,hasExternal:!(!c&&!u)}}}(Ya.Rum);

Ya.Rum.init({beacon:true,clck:'https://yandex.ru/clck/click',slots:["155462,0,-1","186805,0,-1","199769,0,-1","190458,0,-1","196487,0,-1","213566,0,-1","219638,0,-1","181874,0,-1","204559,0,-1","222481,0,-1","223518,0,-1"],reqid:'1c336b7d07c9e73125e34de06c875909'},{'287':'9999','143':'28.1008.2955.1167','-project':'disk-public','-page':'icon','-env':'production','-platform':'desktop'});
Ya.Rum.initErrors({project:'disk-public',page:'icon',env:'production',platform:'desktop',unhandledRejection:true});
</script>

<link rel="stylesheet" href="https://yastatic.net/disk/public/_/public.a3359cdf9c546ca10bd5.css">

<body class="">
    <div id="app" class="app"><div class="public__root" data-reactroot=""><header class="public__header"><div class="header"><div class="header__side-left"><div class="burger-sidebar"><button data-lego="react" type="button" autoComplete="off" class="control button2 button2_view_classic button2_size_n button2_theme_clear burger-sidebar__button"><span class="ufo-icon ufo-icon_size_n icon button2__icon"><svg class="ufo-icon__icon" width="16" height="16" viewBox="0 0 16 16"><path fill="currentColor" d="M0 14h16v2H0zM0 7h16v2H0zM0 0h16v2H0z"></path></svg></span></button><span class="logo burger-sidebar__logo"><a class="logo__link logo__link_yandex" href="https://yandex.ru" rel="noopener noreferrer"></a><a class="logo__link logo__link_service" style="left:69px" href="https://disk.yandex.ru"></a><svg width="121" height="30" class="logo__svg"><g><path fill="#000" d="M83.625 23.7h-7.07c.856-1.046 1.364-3.297 1.65-6.688.253-3.266.41-7.64.506-13.378h4.915V23.7h-.001zm1.902 5.072h1.236V23.7H85.21V2.334h-7.925c-.095 6.31-.19 11.317-.508 14.678-.317 3.233-.855 5.77-1.965 6.688h-.666v5.072h1.237L75.605 25h9.7l.222 3.772zM96.495 25h1.426V9.023h-1.298l-5.2 11.222c-.316.697-.633 1.395-.855 2.124h-.095c.063-.7.127-1.396.127-2.252V9.023h-1.396V25h1.268l5.2-11.254a14.38 14.38 0 0 0 .855-2.06h.095a21.851 21.851 0 0 0-.127 2.187V25zm9.478-.983c-2.472 0-3.582-2.6-3.582-6.974 0-4.5 1.142-7.07 3.583-7.07 1.363 0 2.378.825 3.075 1.808l.412-1.584c-.697-.856-1.838-1.49-3.487-1.49-3.265 0-5.072 3.075-5.072 8.337 0 5.2 1.84 8.274 5.04 8.274 2.506 0 3.68-1.775 3.68-1.775l-.477-1.237s-1.11 1.712-3.17 1.712l-.002-.001zm7.545-7.29L119.065 25h1.65l-5.644-8.56 5.263-7.417h-1.458l-5.357 7.513V9.023h-1.49V25h1.49v-8.274l-.001.001zM34.997 22.97V9.024l-7.26-.026v1.363c0 4.248-.316 9.22-1.775 12.61h-1.045v5.036H27.2V25h6.846v3.006h2.22V22.97h-1.27.001zm11.444-.95c-.633.444-1.743 1.078-3.138 1.078-1.965 0-2.948-1.57-2.948-5.184h6.657V16.55c0-5.42-1.774-7.75-4.437-7.75-3.392 0-4.818 3.742-4.818 8.877 0 4.914 2.03 7.545 5.325 7.545 1.585 0 2.917-.507 3.93-1.3l-.57-1.902h-.001zm-25.415-6h-3.523V9.034H15.03V25.01h2.472v-6.96h3.523v6.96h2.44V9.034h-2.44v6.987l.001-.001zM58.9 25l-4.534-8.464 3.962-7.513h-2.504l-3.836 7.386V9.022h-2.473V25h2.473v-7.957L56.204 25H58.9zm5.8.222c1.458 0 2.472-.476 3.328-1.205l-.57-1.838c-.57.506-1.49.98-2.695.98-1.997 0-2.948-2.28-2.948-6.275 0-4.026 1.268-6.023 3.043-6.023 1.015 0 1.966.54 2.63 1.11l.35-2.347c-.697-.443-1.522-.824-2.948-.824-3.74 0-5.674 3.203-5.674 8.212 0 5.452 2.06 8.21 5.484 8.21zm-32.144-2.25h-4.248c1.332-3.393 1.49-8.306 1.49-11.666v-.286h2.758v11.952zm11.834-8.886c.062.567.09 1.198.09 1.874h-4.09c.16-2.853.662-5.13 2.183-5.13 1.073 0 1.626 1.536 1.817 3.256z"></path><path fill="#F00" d="M9.547 25.006h2.44V2H8.343C4.761 2 1.728 4.377 1.728 9.132c0 3.39 1.352 5.572 3.35 6.586L.83 25.006h2.82l3.868-8.685h2.03v8.686l-.001-.001zM8.27 14.303c-2.125 0-3.864-1.357-3.864-5.003 0-.214.006-.422.018-.623.198-3.34 1.99-4.704 3.845-4.704h1.3v10.33h-1.3.001z"></path></g></svg></span></div><div class="inline-services-menu header__inline-services-menu"><a data-lego="react" href="https://mail.yandex.ru" tabindex="0" class="control link link_theme_dark inline-services-menu__link ">Почта</a><a data-lego="react" href="https://calendar.yandex.ru" tabindex="0" class="control link link_theme_dark inline-services-menu__link ">Календарь</a></div></div><div class="header__side-right"><span class="hover-dropdown software-header-product software-header-product_mac"><div class="hover-tooltip__tooltip-anchor"><a data-lego="react" target="_blank" href="https://disk.yandex.ru/download/Yandex.Disk.Mac.dmg?referer=webinterface&amp;src=Yandex.Public" tabindex="0" class="control link link_theme_dark"><span class="ufo-icon icon link__icon link__icon_side_left"><svg class="ufo-icon__icon" width="24" height="24" viewBox="0 0 24 24"><path fill="currentColor" fill-rule="nonzero" d="M20.56 18.795a12.642 12.642 0 0 1-1.34 2.28c-.705.95-1.282 1.608-1.727 1.974-.69.6-1.428.907-2.22.924-.567 0-1.252-.153-2.05-.463-.799-.308-1.534-.461-2.206-.461-.705 0-1.46.153-2.27.461-.809.31-1.461.472-1.96.488-.759.03-1.515-.285-2.27-.95-.481-.397-1.084-1.078-1.805-2.043-.775-1.031-1.411-2.226-1.91-3.589C.268 15.944 0 14.519 0 13.139c0-1.58.361-2.944 1.084-4.086a6.194 6.194 0 0 1 2.27-2.173 6.372 6.372 0 0 1 3.07-.82c.603 0 1.393.177 2.375.523.98.348 1.608.524 1.883.524.206 0 .905-.206 2.089-.617 1.12-.381 2.064-.539 2.838-.477 2.098.16 3.674.943 4.722 2.352-1.876 1.075-2.804 2.581-2.786 4.513.017 1.505.594 2.758 1.728 3.752A5.719 5.719 0 0 0 21 17.7c-.139.38-.285.744-.44 1.094zM16 .507c0 1.267-.434 2.45-1.298 3.545-1.044 1.302-2.306 2.054-3.674 1.936a4.207 4.207 0 0 1-.028-.48c0-1.217.496-2.519 1.377-3.583.44-.54 1-.987 1.678-1.345.677-.352 1.318-.547 1.92-.58.018.17.025.339.025.507z"></path></svg></span><span data-lego="react" class="link__inner">Установить Диск для MacOS</span></a></div></span><button data-lego="react" type="button" autoComplete="off" class="control button2 button2_view_default button2_size_s button2_theme_raised"><span data-lego="react" class="button2__text"><span>Войти</span></span></button></div></div></header><div class="public__main public__main_top-margin_l"><div class="public__main-content"><div class="app-promo-banner desktop-promo-banner desktop-promo-banner_other js-prevent-mouse-selection"><button data-lego="react" type="button" autoComplete="off" class="control button2 button2_view_classic button2_theme_clear app-promo-banner__close"><span class="ufo-icon icon button2__icon"><svg class="ufo-icon__icon" width="16" height="16" viewBox="0 0 24 24"><path fill="currentColor" d="M21 5.421L19.579 4 12.5 11.079 5.421 4 4 5.421l7.079 7.079L4 19.579 5.421 21l7.079-7.079L19.579 21 21 19.579 13.921 12.5z"></path></svg></span></button><div class="app-promo-banner__desktop-image app-promo-banner__desktop-image_mac"></div><div class="app-promo-banner__right-block"><h3 class="app-promo-banner__header">Установите Яндекс.Диск на компьютер</h3><div class="app-promo-banner__description">Так вы сможете быстрее загружать файлы
в облако и скачивать их</div><a data-lego="react" target="_self" rel="noopener noreferrer" href="https://disk.yandex.ru/download/YandexDisk30.dmg/?src=Yandex.Public.Banner.Direct&amp;instant=1" tabindex="0" class="control link link_theme_action"><button data-lego="react" type="button" autoComplete="off" class="control button2 button2_view_default button2_tone_default button2_size_l button2_theme_action app-promo-banner__install-button"><span class="ufo-icon ufo-icon_size_l icon button2__icon button2__icon_side_left"><svg class="ufo-icon__icon" width="16" height="16" viewBox="0 0 24 24"><path fill="currentColor" fill-rule="nonzero" d="M20.56 18.795a12.642 12.642 0 0 1-1.34 2.28c-.705.95-1.282 1.608-1.727 1.974-.69.6-1.428.907-2.22.924-.567 0-1.252-.153-2.05-.463-.799-.308-1.534-.461-2.206-.461-.705 0-1.46.153-2.27.461-.809.31-1.461.472-1.96.488-.759.03-1.515-.285-2.27-.95-.481-.397-1.084-1.078-1.805-2.043-.775-1.031-1.411-2.226-1.91-3.589C.268 15.944 0 14.519 0 13.139c0-1.58.361-2.944 1.084-4.086a6.194 6.194 0 0 1 2.27-2.173 6.372 6.372 0 0 1 3.07-.82c.603 0 1.393.177 2.375.523.98.348 1.608.524 1.883.524.206 0 .905-.206 2.089-.617 1.12-.381 2.064-.539 2.838-.477 2.098.16 3.674.943 4.722 2.352-1.876 1.075-2.804 2.581-2.786 4.513.017 1.505.594 2.758 1.728 3.752A5.719 5.719 0 0 0 21 17.7c-.139.38-.285.744-.44 1.094zM16 .507c0 1.267-.434 2.45-1.298 3.545-1.044 1.302-2.306 2.054-3.674 1.936a4.207 4.207 0 0 1-.028-.48c0-1.217.496-2.519 1.377-3.583.44-.54 1-.987 1.678-1.345.677-.352 1.318-.547 1.92-.58.018.17.025.339.025.507z"></path></svg></span><span data-lego="react" class="button2__text">Установить Яндекс.Диск</span></button></a></div></div><div class="content content_other"><div class="toolbar"><button data-lego="react" type="button" autoComplete="off" class="control button2 button2_view_classic button2_size_m button2_theme_clear toolbar__button toolbar__button_more"><span class="ufo-icon ufo-icon_size_m icon button2__icon"><svg class="ufo-icon__icon" width="16" height="16" viewBox="0 0 16 16"><g fill="currentColor"><circle cx="8" cy="2" r="2"></circle><circle cx="8" cy="8" r="2"></circle><circle cx="8" cy="14" r="2"></circle></g></svg></span></button></div><div class="content__centered"><div class="content__hover-wrapper"><div class="content__preview-wrapper"><span class="file-icon file-icon_size_l file-icon_shadow file-icon_blank document-preview document-preview_icon"></span></div><div class="file-name">feedback_data.tsv</div></div><div class="action-buttons"><button data-lego="react" type="button" autoComplete="off" aria-disabled="false" class="control button2 button2_view_default button2_tone_default button2_size_n button2_theme_raised button2_action_yes save-button save-button_save action-buttons__button action-buttons__button_save"><span class="ufo-icon ufo-icon_size_n icon button2__icon button2__icon_side_left"><svg class="ufo-icon__icon" width="16" height="16" viewBox="0 0 24 24"><path fill="currentColor" fill-rule="evenodd" d="M16.096 5.73c-.322-.176-.659-.362-1.012-.558-1.875-1.042-3.75-1.695-6.345-.62C6.145 5.627 5.287 7.41 4.7 9.472c-.11.387-.216.757-.318 1.109C5.967 9.469 7.87 8.43 9.984 7.555c2.118-.878 4.202-1.49 6.112-1.824m-1.883 12.032c-7.082 2.934-12.2 2.06-13.065-.028-1.01-2.437 3.257-6.246 9.41-8.795 6.154-2.55 11.864-2.872 12.874-.436.865 2.09-2.137 6.326-9.219 9.259m-.549-1.326c3.133-1.298 5.33-3.178 4.906-4.2-.423-1.021-3.306-.797-6.439.5-3.133 1.298-5.329 3.178-4.906 4.2.423 1.02 3.306.797 6.44-.5"></path></svg></span><span data-lego="react" class="button2__text"><span>Сохранить на Яндекс.Диск</span></span></button><button data-lego="react" type="button" autoComplete="off" aria-disabled="false" class="control button2 button2_view_default button2_tone_default button2_size_n button2_theme_raised download-button action-buttons__button action-buttons__button_download"><span class="ufo-icon ufo-icon_size_n icon button2__icon button2__icon_side_left"><svg class="ufo-icon__icon" width="16" height="16" viewBox="0 0 16 16"><g fill="currentColor" fill-rule="evenodd"><path d="M13 6l-5 5-5-5z"></path><path d="M6 2h4v5H6zM3 12h10v2H3z"></path></g></svg></span><span data-lego="react" class="button2__text">Скачать</span></button></div></div></div><div class="bottom-toolbar bottom-toolbar_position_bottom"><div class="action-buttons"><button data-lego="react" type="button" autoComplete="off" aria-disabled="false" class="control button2 button2_view_default button2_tone_default button2_size_n button2_theme_raised button2_action_yes save-button save-button_save action-buttons__button action-buttons__button_save"><span data-lego="react" class="button2__text"><span>Сохранить на Яндекс.Диск</span></span></button><button data-lego="react" type="button" autoComplete="off" aria-disabled="false" class="control button2 button2_view_default button2_tone_default button2_size_n button2_theme_raised download-button action-buttons__button action-buttons__button_download"><span data-lego="react" class="button2__text">Скачать</span></button></div><div class="bottom-toolbar__snackbar"></div></div><div class="panes"><div class="panes__overlay"></div></div><div class="mobile-badges"><span>Яндекс.Диск для мобильных:</span><div class="mobile-badges__badges-wrapper"><a data-lego="react" target="_blank" href="https://redirect.appmetrica.yandex.com/serve/673977363113009387" tabindex="0" class="control link link_theme_normal mobile-app-badge mobile-app-badge_locale_ru mobile-app-badge_ios"></a><a data-lego="react" target="_blank" href="https://redirect.appmetrica.yandex.com/serve/169574258668806904" tabindex="0" class="control link link_theme_normal mobile-app-badge mobile-app-badge_locale_ru mobile-app-badge_android"></a></div></div></div></div><footer class="footer"><div class="footer__left"><a data-lego="react" target="_blank" href="https://yandex.ru/support/disk/" tabindex="0" class="control link link_theme_ghost footer__link">Помощь</a><a data-lego="react" target="_blank" href="https://yandex.ru/support/abuse/troubleshooting/disk/list.html" tabindex="0" class="control link link_theme_ghost footer__link">Пожаловаться</a><a data-lego="react" target="_blank" href="https://yandex.ru/jobs/usability" tabindex="0" class="control link link_theme_ghost footer__link">Участие в исследованиях</a></div><div class="footer__right"><span class="footer__copyright"><span>© 2012—<span data-ref="current-copyright-year">2020</span> <a data-lego="react" href="https://yandex.ru" tabindex="0" class="control link link_theme_ghost">Яндекс</a></span></span><span class="lang-select footer__language-switcher"><span data-lego="react" role="button" aria-disabled="true" class="control link control_disabled_yes link_disabled_yes link_theme_ghost link_pseudo_yes"><span data-lego="react" class="link__inner"><span class="ufo-icon icon link__icon link__icon_side_left"><svg class="ufo-icon__icon" width="16" height="16" viewBox="0 0 16 16"><g><path fill="#FFF" d="M0 2h16v4H0z"></path><path fill="#E03A3E" d="M0 10h16v4H0z"></path><path fill="#00539F" d="M0 6h16v4H0z"></path></g></svg></span><span data-lego="react" class="link__inner">RU</span></span></span></span></div></footer></div></div>

    <script src="https://yastatic.net/disk/public/_/log.1ef5dba4723fad773569.js" crossorigin="anonymous" data-rCid="3015"></script>
    <script src="https://yastatic.net/react/16.8.5/react.min.js" crossorigin="anonymous" data-rCid="3009"></script>
    <script src="https://yastatic.net/react/16.8.5/react-dom.min.js" crossorigin="anonymous" data-rCid="3010"></script>
    <script src="https://mc.yandex.ru/metrika/watch.js" async></script>

    <script type="application/json" id="store-prefetch">{"ua":{"OSFamily":"MacOS","isBrowser":false,"isMobile":false,"isTouch":false,"isSupportedAndroid":false,"isSmartphone":false,"isIosSafari":false},"url":{"host":"yadi.sk","pathname":"/d/Yn82TTe1SJ6F7Q","query":{}},"environment":{"apiPrefix":"","availableLangs":["ru","en","uk","tr"],"currentLang":"ru","isYadiSk":true,"sk":"y5931c00c3954dd209a83a44625163379","yandexuid":"7491510821585558778","nda":false,"avatarsOrigin":"https://avatars.mds.yandex.net","yapicOrigin":"https://yapic.yandex.net","servicesTld":"ru","experiments":{"metrika":"I0v-nO2JpZ11ecqJV8s7wr561IEwh-N--31tPLmmG_QX17fqdjsMnPg8L5hIh2IEGTAtQ_MfBN8CNXkhQRPMzEZRVyXb92BkTRyiTF-P66ChRbf9JXnmqoJAu9JwWM-B1bTkZhp0gKxl1i48Hqo0ndiL3sIvKzfhOdBXZd_H_81F3CjnT-qUgA","flags":{"disk_public_banner_PO_test":{"downloadAppTimeout":172800000,"closedBannerTimeout":2592000000,"activityTimeout":5184000000},"disk_mobile_name_in_push":true,"disk_cool_lenta_gnc_pushes":true,"disk_forbidden_video_unlim":true,"dv_web_ad_custom_direct_exp":{"bottomWideDesktopDirectId":"N-I-104220-134","bottomNarrowDesktopDirectId":"N-I-104220-136","topDesktopDirectId":"N-I-104220-132","bottomNormalDesktopDirectId":"N-I-104220-138"},"dv_web_ad_native_exp":{"topBlockPosition":"after-title"},"dv_web_ad_native_with_bottom_block_exp":{"alignToPageWidth":true},"dv_web_enable_antiadblock_exp":true,"disk_win_sidebar_buy_panel_enabled_experiment":true,"disk_tariff_ios_100_1_3":"100gb_apple_appstore_2019","disk_web_store_models_resource_exp":true,"disk_web_personal_albums_exp":{"releasedAt":1583228710170},"disk_web_geo_albums_exp":{"releasedAt":1584006310170}},"boxes":["155462,0,-1","186805,0,-1","199769,0,-1","190458,0,-1","196487,0,-1","213566,0,-1","219638,0,-1","181874,0,-1","204559,0,-1","222481,0,-1","223518,0,-1"]},"noAdv":true,"nonce":"nD4oOUoIpmWiOPTwN4xgNw==","videoPlayerIframeApiUrl":"https://yastatic.net/yandex-video-player-iframe-api-bundles/1.0-2355/js/stream_player.min.js"},"services":{"disk":"https://disk.yandex.ru","www":"https://yandex.ru","mail":"https://mail.yandex.ru","calendar":"https://calendar.yandex.ru","money":"https://money.yandex.ru","images":"https://yandex.ru/images/","news":"https://news.yandex.ru","maps":"https://yandex.ru/maps","market":"https://market.yandex.ru","weather":"https://yandex.ru/pogoda","tv":"https://tv.yandex.ru","music":"https://music.yandex.ru","afisha":"https://afisha.yandex.ru","browser":"https://browser.yandex.ru","metrika":"https://metrika.yandex.ru","direct":"https://direct.yandex.ru","all":"https://yandex.ru/all","docviewer":"https://docviewer.yandex.ru","passport":"https://passport.yandex.ru","support":"https://yandex.ru/support","legal":"https://yandex.ru/legal","yastatic":"https://yastatic.net"},"user":{"loading":true,"auth":false,"id":"0","login":"","accounts":[]},"users":{"499800117":{"uid":"499800117","displayName":"polyakov.mipt"}},"rootResourceId":"1f05c4b06605a704810fbb53d5973b1f956e213d7327b3e73e252bb5e89408de","currentResourceId":null,"resources":{"1f05c4b06605a704810fbb53d5973b1f956e213d7327b3e73e252bb5e89408de":{"children":[],"completed":false,"parent":null,"name":"feedback_data.tsv","modified":1584082967,"type":"file","id":"1f05c4b06605a704810fbb53d5973b1f956e213d7327b3e73e252bb5e89408de","meta":{"mimetype":"text/tab-separated-values","drweb":1,"short_url":"https://yadi.sk/d/Yn82TTe1SJ6F7Q","mediatype":"data","views_counter":56,"file_id":"1f05c4b06605a704810fbb53d5973b1f956e213d7327b3e73e252bb5e89408de","download_counter":19,"comment_ids":{"private_resource":"499800117:1f05c4b06605a704810fbb53d5973b1f956e213d7327b3e73e252bb5e89408de","public_resource":"499800117:1f05c4b06605a704810fbb53d5973b1f956e213d7327b3e73e252bb5e89408de"},"size":26707734,"hasPreview":false,"ext":"tsv"},"timestamp":1585558778898,"hash":"Hl/i8lOtSPHgLAGzCq1Er6g4mrast8Lsd4gXVuIUus1rSRn1fxdHAiQXIX5EKD2Tq/J6bpmRyOJonT3VoXnDag==","uid":"499800117","virus":false,"loading":false}},"selectedResources":[],"authOrigins":[{"ru":"//disk.yandex.ru","com":"//disk.yandex.com"},{"am":"//disk.yandex.com.am","az":"//disk.yandex.az","by":"//disk.yandex.by","ee":"//disk.yandex.ee","fr":"//disk.yandex.fr","ge":"//disk.yandex.com.ge","il":"//disk.yandex.co.il","kg":"//disk.yandex.kg","kz":"//disk.yandex.kz","lt":"//disk.yandex.lt","lv":"//disk.yandex.lv","md":"//disk.yandex.md","tj":"//disk.yandex.tj","tm":"//disk.yandex.tm","tr":"//disk.yandex.com.tr","ua":"//disk.yandex.ua","uz":"//disk.yandex.uz"}],"waitingAuthActions":{},"operations":{},"overlays":{"activePane":{}},"notifications":{"current":null,"items":[],"state":"CLOSED"},"listingType":"list","settings":{}}</script>
    <script src="https://yastatic.net/disk/public/_/public.ru.a3359cdf9c546ca10bd5.js" crossorigin="anonymous" data-rCid="3007"></script>
</body>
</html>
